Signature Range Bagels Original 4pk,$4.39
Signature Range Bagels Sesame 4pk,$4.39
Abes Bagels Baby Natural 10pk,$4.49
$0.45/1EA
Abes Bagels Cinnamon & Raisin 360g 4pk,$4.49
$1.25/100G
Abes Bagels Gluten Free 270g 3pk,$5.69
$2.11/100G
Abes Bagels Multigrain 360g 4pk,$4.49
$1.25/100G
Abes Real Bagels Natural 4pk,$4.49
$1.12/1EA
Abes Real Bagels Parmesan 4pk,$4.49
$1.12/1EA
Abes Real Bagels Sesame Seed 4pk,$4.49
$1.12/1EA
Bakeworks Bagels Plain Gluten Free 360g,$5.99
$1.66/100G
Coen Bagels Cheese & Onion 4pk,$3.79
$0.95/1EA
Coen Bagels Plain 4pk,$3.79
Coen Bagels Sesame Seed 4pk,$3.79
Golden Bagels Cheese 350g 4pk,$3.99
$1.14/100G
Golden Bagels Plain 320g 4pk,$3.99
$1.25/100G
